STATION,NAME,DATE,CDSD,CLDD,DP01,DP10,DSND,DSNW,DT00,DT32,DX32,DX70,DX90,EMNT,EMSD,EMSN,EMXP,EMXT,HDSD,HTDD,PRCP,SNOW,TAVG,TMAX,TMIN,WDFG,WSFG
CA001018598,"VICTORIA UNIVERSITY CS, BC CA",1992-12,,0,14,6,,,0,6,2,0,0,-4.2,,,4.2,11.1,,443.8,30.2,,4,6.2,1.8,,
CA001018598,"VICTORIA UNIVERSITY CS, BC CA",1993-01,0,0,7,6,,,0,15,1,0,0,-4.7,,,38.6,10.7,,480.1,81.8,,2.9,5.1,0.6,,
CA001018598,"VICTORIA UNIVERSITY CS, BC CA",1993-02,0,0,0,0,,,0,11,0,0,0,-3.5,,,0,14.6,,366.5,0,,4.8,8,1.6,,
CA001018598,"VICTORIA UNIVERSITY CS, BC CA",1993-03,0,0,13,6,,,0,0,0,0,0,0.5,,,12.6,14.8,,313,53,,8.2,11.9,4.6,,
CA001018598,"VICTORIA UNIVERSITY CS, BC CA",1993-04,0,0,13,3,,,0,0,0,0,0,2,,,5.8,19.8,,242.6,22,,10.3,14.1,6.4,,
CA001018598,"VICTORIA UNIVERSITY CS, BC CA",1993-05,1.3,1.3,15,9,,,0,0,0,12,0,6.5,,,17.4,27.1,,112.6,67.8,,14.7,19.7,9.8,,
CA001018598,"VICTORIA UNIVERSITY CS, BC CA",1993-06,1.3,0,8,3,,,0,0,0,9,0,8.3,,,4.2,25,,80.7,17.4,,15.6,20.4,10.9,,
CA001018598,"VICTORIA UNIVERSITY CS, BC CA",1993-07,2.4,1.1,5,2,,,0,0,0,16,0,9.4,,,7,24.3,61.5,61.5,19.8,,16.4,21.1,11.7,,
CA001018598,"VICTORIA UNIVERSITY CS, BC CA",1993-08,25.6,23.2,5,3,,,0,0,0,21,0,7.4,,,3.4,31.9,106.5,45,11.2,,17.6,23.1,12.2,,
CA001018598,"VICTORIA UNIVERSITY CS, BC CA",1993-09,30.5,4.9,2,0,,,0,0,0,13,0,5.5,,,1,28.1,205,98.5,2.2,,15.1,21.1,9.3,,
CA001018598,"VICTORIA UNIVERSITY CS, BC CA",1993-10,30.5,0,6,2,,,0,0,0,2,0,4.8,,,24,23,395,190,38.6,,12.2,16.1,8.4,,
CA001018598,"VICTORIA UNIVERSITY CS, BC CA",1993-11,30.5,0,12,5,,,0,4,0,0,0,-5.4,,,7.6,14.7,762.4,367.4,34,,6.1,9.2,2.9,,
CA001018598,"VICTORIA UNIVERSITY CS, BC CA",1993-12,30.5,0,10,3,,,0,0,0,0,0,0.3,,,12.4,12.1,1122.6,360.2,30.8,,6.3,8.3,4.3,,
CA001018598,"VICTORIA UNIVERSITY CS, BC CA",1994-01,0,0,,,,,0,0,0,0,0,0.7,,,,13.3,1447.2,324.6,,,7.9,10.2,5.5,,
CA001018598,"VICTORIA UNIVERSITY CS, BC CA",1994-02,0,0,,,,,0,7,0,0,0,-3.5,,,,13.9,1815.2,368,,,5.2,8,2.4,,
CA001018598,"VICTORIA UNIVERSITY CS, BC CA",1994-03,0,0,,,,,0,1,0,0,0,-0.7,,,,21,2113.8,298.6,,,8.7,12.8,4.6,,
CA001018598,"VICTORIA UNIVERSITY CS, BC CA",1994-04,0,0,,,,,0,0,0,0,0,4.2,,,,19.4,2328.9,215.1,,,11.2,15.2,7.1,,
CA001018598,"VICTORIA UNIVERSITY CS, BC CA",1994-05,0,0,10,5,,,0,0,0,9,0,5.2,,,4.4,25.2,2467.3,138.4,22.8,,13.9,19.1,8.7,,
CA001018598,"VICTORIA UNIVERSITY CS, BC CA",1994-06,0,0,10,5,,,0,0,0,11,0,6.3,,,8.4,25.4,2566.6,99.3,27.4,,15,20.3,9.8,,
CA001018598,"VICTORIA UNIVERSITY CS, BC CA",1994-07,23.7,23.7,3,1,,,0,0,0,30,1,9,,,4.4,32.3,22.4,22.4,5.8,,18.4,25.1,11.6,,
CA001018598,"VICTORIA UNIVERSITY CS, BC CA",1994-08,42.5,18.8,3,1,,,0,0,0,30,0,9.7,,,3.2,29.4,39.5,17.1,4.4,,18.4,24.3,12.5,,
CA001018598,"VICTORIA UNIVERSITY CS, BC CA",1994-09,43.9,1.4,8,4,,,0,0,0,16,0,7.1,,,9.4,26.1,113,73.5,30,,15.9,21,10.8,,
CA001018598,"VICTORIA UNIVERSITY CS, BC CA",1994-10,43.9,0,15,7,,,0,0,0,0,0,3.7,,,16.6,19.9,353.7,240.7,59.8,,10.6,14.4,6.7,,
CA001018598,"VICTORIA UNIVERSITY CS, BC CA",1994-11,43.9,0,,,,,0,4,0,0,0,-1.3,,,,11.8,715.5,361.8,,,6.3,9.3,3.2,,
CA001018598,"VICTORIA UNIVERSITY CS, BC CA",1994-12,43.9,0,13,9,,,0,4,0,0,0,-4.2,,,20.6,12.2,1102.5,387,90.8,,5.9,8.1,3.6,,
CA001018598,"VICTORIA UNIVERSITY CS, BC CA",1995-01,0,0,11,3,,,0,1,0,0,0,-0.4,,,17.8,15,1460.8,358.3,44.8,,6.8,8.9,4.7,,
CA001018598,"VICTORIA UNIVERSITY CS, BC CA",1995-02,0,0,13,8,,,0,3,0,0,0,-5.4,,,34,15.4,1778,317.2,90.4,,7,9.9,4.1,,
CA001018598,"VICTORIA UNIVERSITY CS, BC CA",1995-03,0,0,14,3,,,0,1,0,0,0,-0.7,,,4,18.5,2091,313,23.6,,8.2,11.8,4.6,,
CA001018598,"VICTORIA UNIVERSITY CS, BC CA",1995-04,0,0,9,3,,,0,0,0,0,0,2,,,7.4,20.1,2333.9,242.9,22.6,,10.2,14.6,5.9,,
CA001018598,"VICTORIA UNIVERSITY CS, BC CA",1995-05,0,0,4,1,,,0,0,0,12,0,4.7,,,3.4,27.1,2453.3,119.4,6.6,,14.5,20.4,8.6,,
CA001018598,"VICTORIA UNIVERSITY CS, BC CA",1995-06,18.6,18.6,6,1,,,0,0,0,18,2,7.7,,,5.8,32.2,2513.7,60.4,9.8,,16.9,22.6,11.1,,
CA001018598,"VICTORIA UNIVERSITY CS, BC CA",1995-07,45.5,26.9,3,3,,,0,0,0,29,0,9.7,,,11.8,31.1,21.5,21.5,22.8,,18.5,24.1,12.9,,
CA001018598,"VICTORIA UNIVERSITY CS, BC CA",1995-08,50.1,4.6,8,3,,,0,0,0,17,0,9.1,,,22.8,27.1,86,64.5,62,,16.4,21.1,11.7,,
CA001018598,"VICTORIA UNIVERSITY CS, BC CA",1995-09,53.2,3.1,6,2,,,0,0,0,18,0,8.1,,,4,27.4,144.3,58.3,12,,16.5,21.7,11.3,,
CA001018598,"VICTORIA UNIVERSITY CS, BC CA",1995-10,53.2,0,15,9,,,0,0,0,0,0,2.2,,,25.8,18.4,372.3,228,104.2,,11,14.3,7.7,,
CA001018598,"VICTORIA UNIVERSITY CS, BC CA",1995-11,53.2,0,21,17,,,0,2,0,0,0,-0.4,,,78.8,15.2,647.8,275.5,238,,9.1,11.8,6.5,,
CA001018598,"VICTORIA UNIVERSITY CS, BC CA",1995-12,53.2,0,15,7,,,0,5,0,0,0,-2.3,,,13.2,13.4,997.7,349.9,72.2,,6.3,8.5,4.1,,
CA001018598,"VICTORIA UNIVERSITY CS, BC CA",1996-01,0,0,,,,,0,7,1,0,0,-7.5,,,,14.3,1420.6,422.9,,,4.7,6.8,2.5,,
CA001018598,"VICTORIA UNIVERSITY CS, BC CA",1996-02,0,0,15,8,,,0,4,0,0,0,-4.1,,,16.4,16.5,1766,345.4,87,,6.4,9.4,3.4,,
CA001018598,"VICTORIA UNIVERSITY CS, BC CA",1996-03,0,0,14,5,,,0,0,0,0,0,0.5,,,4.8,16.5,2082.3,316.3,29,,8.1,11.6,4.7,,
CA001018598,"VICTORIA UNIVERSITY CS, BC CA",1996-04,0,0,17,6,,,0,0,0,0,0,3,,,17.2,19.3,2310.4,228.1,66.8,,10.7,14.2,7.3,,
CA001018598,"VICTORIA UNIVERSITY CS, BC CA",1996-05,0,0,11,6,,,0,0,0,2,0,2.2,,,16.2,21.7,2510.4,200,49.4,,11.9,16.3,7.5,,
CA001018598,"VICTORIA UNIVERSITY CS, BC CA",1996-06,1.3,1.3,5,1,,,0,0,0,9,0,5.4,,,3.8,25,2609.2,98.8,6.4,,15.1,20.3,9.8,,
CA001018598,"VICTORIA UNIVERSITY CS, BC CA",1996-07,39.1,37.8,5,2,,,0,0,0,25,0,7.3,,,4.4,31.7,35.6,35.6,10.4,,18.4,24.9,11.9,,
CA001018598,"VICTORIA UNIVERSITY CS, BC CA",1996-08,63.2,24.1,2,2,,,0,0,0,25,0,8.7,,,7.2,30.2,59.3,23.7,10.2,,18.4,24.3,12.4,,
CA001018598,"VICTORIA UNIVERSITY CS, BC CA",1996-09,63.2,0,12,3,,,0,0,0,4,0,5.4,,,8.2,23.6,188.6,129.3,25.2,,14,18.5,9.6,,
CA001018598,"VICTORIA UNIVERSITY CS, BC CA",1996-10,63.2,0,14,9,,,0,0,0,0,0,1.5,,,19,20.5,422.7,234.1,96.6,,10.8,14.3,7.3,,
CA001018598,"VICTORIA UNIVERSITY CS, BC CA",1996-11,63.2,0,18,15,,,0,4,0,0,0,-2.5,,,13.6,16.8,775.2,352.5,93.2,,6.6,9.1,4.1,,
CA001018598,"VICTORIA UNIVERSITY CS, BC CA",1996-12,63.2,0,21,12,,,0,8,3,0,0,-6.6,,,20.2,10.8,1227.7,452.5,100,,3.7,6.2,1.2,,
CA001018598,"VICTORIA UNIVERSITY CS, BC CA",1997-01,0,0,19,13,,,0,5,1,0,0,-4.1,,,18.2,13.2,1615.9,388.2,119.2,,5.8,8,3.6,,
CA001018598,"VICTORIA UNIVERSITY CS, BC CA",1997-02,0,0,11,6,,,0,0,0,0,0,0.4,,,9.6,14.8,1937.1,321.2,47.8,,6.9,9.6,4.1,,
CA001018598,"VICTORIA UNIVERSITY CS, BC CA",1997-03,0,0,18,11,,,0,0,0,0,0,0.1,,,18,15.4,2277.1,340,102.4,,7.4,10.6,4.1,,
CA001018598,"VICTORIA UNIVERSITY CS, BC CA",1997-04,0,0,11,5,,,0,0,0,0,0,0.7,,,8.6,19.5,2527.8,250.7,36.4,,10,14.2,5.7,,
CA001018598,"VICTORIA UNIVERSITY CS, BC CA",1997-05,0.6,0.6,7,3,,,0,0,0,9,0,5,,,7,25.9,2645,117.2,18,,14.6,19.4,9.8,,
CA001018598,"VICTORIA UNIVERSITY CS, BC CA",1997-06,0.6,0,8,5,,,0,0,0,7,0,7.6,,,7,25,2734.1,89.1,28,,15.4,20.1,10.7,,
CA001018598,"VICTORIA UNIVERSITY CS, BC CA",1997-07,10.9,10.3,6,2,,0,0,0,0,25,0,9.6,,0,11.6,28.7,23.8,23.8,22.8,0,17.9,23.6,12.3,,
CA001018598,"VICTORIA UNIVERSITY CS, BC CA",1997-08,46.2,35.3,7,2,,,0,0,0,24,0,10.8,,,9.2,31.1,46.7,22.9,17,,18.7,24.6,12.9,,
CA001018598,"VICTORIA UNIVERSITY CS, BC CA",1997-09,50.6,4.4,10,4,,,0,0,0,17,0,7.7,,,21.4,26.5,107.8,61.1,48.4,,16.4,21.2,11.7,,
CA001018598,"VICTORIA UNIVERSITY CS, BC CA",1997-10,50.6,0,21,13,,,0,0,0,0,0,3.4,,,19.4,20.6,316.6,208.8,107.8,,11.6,14.8,8.4,,
CA001018598,"VICTORIA UNIVERSITY CS, BC CA",1997-11,50.6,0,16,9,,,0,0,0,0,0,2.5,,,12.8,15.7,580.9,264.3,66.2,,9.5,12,7.1,,
CA001018598,"VICTORIA UNIVERSITY CS, BC CA",1997-12,50.6,0,13,7,,,0,2,0,0,0,-0.1,,,26,13.7,925.6,344.7,69.4,,7.2,9.7,4.8,,
CA001018598,"VICTORIA UNIVERSITY CS, BC CA",1998-01,0,0,19,10,,,0,8,2,0,0,-4.4,,,18,13.8,1305.5,379.9,106.2,,6.1,8.5,3.6,,
CA001018598,"VICTORIA UNIVERSITY CS, BC CA",1998-02,0,0,10,4,,,0,1,0,0,0,-0.7,,,7.6,14.1,1586.6,281.1,25.2,,8.3,11.1,5.5,,
CA001018598,"VICTORIA UNIVERSITY CS, BC CA",1998-03,0,0,17,6,,,0,0,0,0,0,0.5,,,6.4,16.7,1885.1,298.5,50.6,,8.7,12.1,5.3,,
CA001018598,"VICTORIA UNIVERSITY CS, BC CA",1998-04,0,0,6,0,,,0,0,0,3,0,0.4,,,2.2,23.8,2117.7,232.6,6.8,,10.4,15.2,5.6,,
CA001018598,"VICTORIA UNIVERSITY CS, BC CA",1998-05,1.8,1.8,7,3,,,0,0,0,4,0,3.9,,,6.8,26.4,2262.9,145.2,20.2,,13.7,18.3,9.1,,
CA001018598,"VICTORIA UNIVERSITY CS, BC CA",1998-06,3.1,1.3,5,3,,,0,0,0,15,0,8.7,,,8,26.4,2328.3,65.4,19.6,,16.2,21.5,10.9,,
CA001018598,"VICTORIA UNIVERSITY CS, BC CA",1998-07,40,36.9,5,1,,,0,0,0,24,1,10,,,8.9,33.8,22.7,22.7,12,,18.8,24.5,13.1,,
CA001018598,"VICTORIA UNIVERSITY CS, BC CA",1998-08,69.5,29.5,0,0,,,0,0,0,28,0,10.5,,,0,30.4,37.2,14.5,0,,18.8,25.2,12.4,,
CA001018598,"VICTORIA UNIVERSITY CS, BC CA",1998-09,77.4,7.9,0,0,,,0,0,0,18,0,8.2,,,0,27.4,101.6,64.4,0,,16.4,22.1,10.8,,
CA001018598,"VICTORIA UNIVERSITY CS, BC CA",1998-10,77.4,0,6,2,,,0,0,0,0,0,3.2,,,4.1,20.8,309.4,207.8,12.5,,11.4,14.7,8.1,,
CA001018598,"VICTORIA UNIVERSITY CS, BC CA",1998-11,77.4,0,19,14,,,0,0,0,0,0,2,,,37.2,15.9,567.6,258.2,218.8,,9.7,12.4,7,,
CA001018598,"VICTORIA UNIVERSITY CS, BC CA",1998-12,77.4,0,22,12,,,0,5,2,0,0,-6.1,,,34.6,16.5,916.7,349.1,141.4,,7.1,10.1,4,,
CA001018598,"VICTORIA UNIVERSITY CS, BC CA",1999-01,0,0,15,10,,,0,0,0,0,0,1.1,,,30.6,11.5,1270.4,353.7,143,,6.9,9.3,4.5,,
CA001018598,"VICTORIA UNIVERSITY CS, BC CA",1999-02,0,0,22,13,,,0,1,0,0,0,-1.5,,,16,12.4,1598.8,328.4,107.6,,6.6,9.5,3.7,,
CA001018598,"VICTORIA UNIVERSITY CS, BC CA",1999-03,0,0,15,8,,,0,0,0,0,0,0.5,,,7.4,16.8,1938.1,339.3,40.6,,7.4,10.8,4,,
CA001018598,"VICTORIA UNIVERSITY CS, BC CA",1999-04,0,0,4,2,,0,0,0,0,1,0,1.3,,0,4.4,21.4,2200.6,262.5,12,0,9.6,14.5,4.7,,
CA001018598,"VICTORIA UNIVERSITY CS, BC CA",1999-05,1.4,1.4,7,2,,,0,0,0,2,0,1.3,,,9,27.2,2420,219.4,18.2,,11.3,16.1,6.5,,
CA001018598,"VICTORIA UNIVERSITY CS, BC CA",1999-06,7.2,5.8,11,6,,,0,0,0,8,0,5.4,,,8.2,28.7,2532.9,112.9,35.8,,14.8,19.3,10.2,,
CA001018598,"VICTORIA UNIVERSITY CS, BC CA",1999-07,13.7,6.5,4,1,,,0,0,0,20,0,8.8,,,3,28.3,46.5,46.5,6.6,,17,22.9,11.2,,
CA001018598,"VICTORIA UNIVERSITY CS, BC CA",1999-08,30,16.3,5,3,,,0,0,0,24,0,9.4,,,9.8,28.8,77.3,30.8,21.6,,17.9,23.6,12.1,,
CA001018598,"VICTORIA UNIVERSITY CS, BC CA",1999-09,32.2,2.2,2,0,,0,0,0,0,14,0,5,,0,1.2,27.7,174.7,97.4,2.2,0,15.2,20.8,9.5,,
CA001018598,"VICTORIA UNIVERSITY CS, BC CA",1999-10,32.2,0,6,3,,0,0,0,0,0,0,2,,0,15.2,18.3,424.6,249.9,30.4,0,10.3,14.3,6.2,,
CA001018598,"VICTORIA UNIVERSITY CS, BC CA",1999-11,32.2,0,18,9,,,0,0,0,0,0,1.5,,,15,14.9,708.4,283.8,85.8,,8.9,11.6,6.2,,
CA001018598,"VICTORIA UNIVERSITY CS, BC CA",1999-12,32.2,0,,,0,,0,0,0,0,0,0.6,0,,,13.3,1083.6,375.2,,,6.2,8.4,4.1,,
CA001018598,"VICTORIA UNIVERSITY CS, BC CA",2000-01,0,0,16,10,,,0,2,0,0,0,-0.1,,,10,9.7,1507.3,423.7,59.4,,4.7,7.3,2,,
CA001018598,"VICTORIA UNIVERSITY CS, BC CA",2000-02,0,0,9,3,,,0,0,0,0,0,0.5,,,14.8,13.5,1856.4,349.1,40.6,,6.3,9,3.6,,
CA001018598,"VICTORIA UNIVERSITY CS, BC CA",2000-03,0,0,12,4,,,0,3,0,0,0,-2,,,7.4,13.7,2199.8,343.4,30.6,,7.3,10.9,3.6,,
CA001018598,"VICTORIA UNIVERSITY CS, BC CA",2000-04,0,0,8,2,,,0,1,0,0,0,-0.1,,,4.8,18.4,2453.4,253.6,13.2,,9.9,14.1,5.6,,
CA001018598,"VICTORIA UNIVERSITY CS, BC CA",2000-05,0,0,14,9,,,0,0,0,2,0,4.1,,,8,23.7,2653.7,200.3,51,,11.9,16.1,7.7,,
CA001018598,"VICTORIA UNIVERSITY CS, BC CA",2000-06,8.7,8.7,7,1,0,,0,0,0,13,0,6.4,0,,2.6,30.2,2746.6,92.9,7.6,,15.5,20.5,10.5,,
CA001018598,"VICTORIA UNIVERSITY CS, BC CA",2000-07,18.8,10.1,4,1,,,0,0,0,19,0,6.8,,,2.6,28.6,47.9,47.9,6.6,,17.1,22.7,11.6,,
CA001018598,"VICTORIA UNIVERSITY CS, BC CA",2000-08,23.3,4.5,3,1,0,,0,0,0,20,0,7.8,0,,7.2,28.3,112.4,64.5,10.2,,16.4,22,10.8,,
CA001018598,"VICTORIA UNIVERSITY CS, BC CA",2000-09,24.6,1.3,5,2,,,0,0,0,7,0,4.4,,,10.2,24.7,225.9,113.5,19,,14.6,19.4,9.8,,
CA001018598,"VICTORIA UNIVERSITY CS, BC CA",2000-10,24.6,0,9,5,,,0,0,0,0,0,4.7,,,13,20,455.4,229.5,47.2,,10.9,14.6,7.3,,
CA001018598,"VICTORIA UNIVERSITY CS, BC CA",2000-11,24.6,0,10,7,,,0,2,0,0,0,0,,,14.6,14.4,809.4,354,58.6,,6.5,9.3,3.7,,
CA001018598,"VICTORIA UNIVERSITY CS, BC CA",2000-12,24.6,0,15,7,,,0,6,0,0,0,-3.4,,,20.4,12.5,1216.5,407.1,51,,5.2,7.6,2.8,,
CA001018598,"VICTORIA UNIVERSITY CS, BC CA",2001-01,0,0,12,6,,,0,2,0,0,0,-0.5,,,11.6,11.5,1586.9,370.4,45.8,,6.4,8.7,4.1,,
CA001018598,"VICTORIA UNIVERSITY CS, BC CA",2001-02,0,0,8,2,,,0,7,0,0,0,-1.8,,,8,13.3,1955.5,368.6,17.4,,5.2,8.5,1.8,,
CA001018598,"VICTORIA UNIVERSITY CS, BC CA",2001-03,0,0,11,2,,,0,1,0,0,0,-0.6,,,5.2,15.6,2286.8,331.3,21.8,,7.6,11.2,4.1,,
CA001018598,"VICTORIA UNIVERSITY CS, BC CA",2001-04,0,0,10,4,,,0,1,0,0,0,-0.3,,,9.4,19.8,2566.5,279.7,29.4,,9,13.5,4.5,,
CA001018598,"VICTORIA UNIVERSITY CS, BC CA",2001-05,0.4,0.4,6,1,,,0,0,0,5,0,2.3,,,6,26.2,2765.1,198.6,13.6,,11.9,16.8,7.1,,
CA001018598,"VICTORIA UNIVERSITY CS, BC CA",2001-06,0.6,0.2,11,3,,,0,0,0,4,0,6.1,,,6.4,27,2885.9,120.8,24,,14.2,19.2,9.2,,
CA001018598,"VICTORIA UNIVERSITY CS, BC CA",2001-07,2.5,1.9,3,1,,,0,0,0,19,0,8.8,,,10.2,27.3,49.2,49.2,12,,16.8,22.3,11.3,,
CA001018598,"VICTORIA UNIVERSITY CS, BC CA",2001-08,15.1,12.6,7,4,,,0,0,0,22,0,9.7,,,7.8,31.1,96.2,47,20.2,,17.2,22.9,11.5,,
CA001018598,"VICTORIA UNIVERSITY CS, BC CA",2001-09,15.1,0,5,1,,,0,0,0,12,0,6.5,,,4.6,24.2,200.1,103.9,12.6,,14.9,20,9.8,,
CA001018598,"VICTORIA UNIVERSITY CS, BC CA",2001-10,15.1,0,18,11,,,0,0,0,0,0,1.7,,,13.4,20.5,426.2,226.1,83.4,,11,14.8,7.3,,
CA001018598,"VICTORIA UNIVERSITY CS, BC CA",2001-11,15.1,0,17,9,,,0,0,0,0,0,1.6,,,14.8,15.7,705.7,279.5,80.4,,9,12,6,,
CA001018598,"VICTORIA UNIVERSITY CS, BC CA",2001-12,15.1,0,15,8,,,0,2,0,0,0,-1.2,,,8.2,14.9,1038.8,333.1,56.2,,6.6,9.6,3.6,,
CA001018598,"VICTORIA UNIVERSITY CS, BC CA",2002-01,0,0,20,10,,,0,7,0,0,0,-2.9,,,24.8,14,1423.6,384.8,104.6,,5.9,8.8,3.1,,
CA001018598,"VICTORIA UNIVERSITY CS, BC CA",2002-02,0,0,8,4,,,0,3,0,0,0,-1.4,,,6,11.5,1773.3,349.7,24,,5.8,8.9,2.8,,
CA001018598,"VICTORIA UNIVERSITY CS, BC CA",2002-03,0,0,15,5,,,0,9,0,0,0,-3.5,,,22.6,14.6,2176.2,402.9,55.6,,5.3,8.6,2.1,,
CA001018598,"VICTORIA UNIVERSITY CS, BC CA",2002-04,0,0,9,6,,,0,0,0,0,0,0.4,,,19.8,20.4,2459.1,282.9,50.2,,8.9,13.4,4.4,,
CA001018598,"VICTORIA UNIVERSITY CS, BC CA",2002-05,0,0,12,2,,,0,0,0,1,0,0.2,,,3.2,22.1,2685.5,226.4,21,,11,15.9,6.2,,
CA001018598,"VICTORIA UNIVERSITY CS, BC CA",2002-06,5.8,5.8,8,3,,,0,0,0,13,0,5.2,,,6.6,29.9,2770,84.5,21.4,,15.7,21.4,10,,
CA001018598,"VICTORIA UNIVERSITY CS, BC CA",2002-07,24.3,18.5,3,0,,,0,0,0,22,0,6.2,,,1.4,30.5,43.5,43.5,3,,17.5,23.5,11.6,,
CA001018598,"VICTORIA UNIVERSITY CS, BC CA",2002-08,35.5,11.2,2,1,,,0,0,0,26,0,7.8,,,3.8,29.8,87.5,44,4.6,,17.3,23.5,11,,
CA001018598,"VICTORIA UNIVERSITY CS, BC CA",2002-09,36.5,1,6,1,,,0,0,0,11,0,5.1,,,4.4,25,195.5,108,11.6,,14.8,20.2,9.3,,
CA001018598,"VICTORIA UNIVERSITY CS, BC CA",2002-10,36.5,0,7,2,,,0,2,0,0,0,-0.5,,,5.4,20.4,455.7,260.2,14.6,,9.9,13.8,6.1,,
CA001018598,"VICTORIA UNIVERSITY CS, BC CA",2002-11,36.5,0,25,13,,,0,0,0,0,0,0.8,,,5.1,15.8,734.7,279,57.5,,9,11.9,6.2,,
CA001018598,"VICTORIA UNIVERSITY CS, BC CA",2002-12,36.5,0,25,7,,,0,1,0,0,0,-1.7,,,4.3,14,1071.2,336.5,43.4,,7.1,9.5,4.7,,
CA001018598,"VICTORIA UNIVERSITY CS, BC CA",2003-01,0,0,20,10,,,0,0,0,0,0,2.5,,,19.6,14.3,1387.8,316.6,93.8,,8.1,10.3,5.9,,
CA001018598,"VICTORIA UNIVERSITY CS, BC CA",2003-02,0,0,8,5,,,0,3,0,0,0,-1.1,,,10.2,12.7,1727.7,339.9,29.6,,6.2,9.2,3.2,,
CA001018598,"VICTORIA UNIVERSITY CS, BC CA",2003-03,0,0,20,12,,,0,0,0,0,0,0.4,,,8.2,15.8,2044.7,317,69.8,,8.1,11.3,4.9,,
CA001018598,"VICTORIA UNIVERSITY CS, BC CA",2003-04,0,0,13,3,,,0,0,0,0,0,0.9,,,13.2,18.9,2310,265.3,33.4,,9.5,13.1,5.8,,
CA001018598,"VICTORIA UNIVERSITY CS, BC CA",2003-05,0,0,5,1,,,0,0,0,3,0,1.7,,,5.4,22.7,2497.1,187.1,12.2,,12.3,17,7.6,,
CA001018598,"VICTORIA UNIVERSITY CS, BC CA",2003-06,14,14,4,1,,,0,0,0,17,0,6.6,,,2.6,31.7,2562.7,65.6,4.6,,16.6,22.5,10.8,,
CA001018598,"VICTORIA UNIVERSITY CS, BC CA",2003-07,40.7,26.7,2,0,,,0,0,0,28,0,8.4,,,1,30.9,21.2,21.2,1.5,,18.5,25.2,11.9,,
CA001018598,"VICTORIA UNIVERSITY CS, BC CA",2003-08,50.2,9.5,0,0,,,0,0,0,30,0,8.2,,,0.2,27.6,48.6,27.4,0.2,,17.8,24.1,11.4,,
CA001018598,"VICTORIA UNIVERSITY CS, BC CA",2003-09,55.9,5.7,0,0,,,0,0,0,11,0,7.6,,,0,28.2,130.2,81.6,0,,15.6,20.7,10.4,,
CA001018598,"VICTORIA UNIVERSITY CS, BC CA",2003-10,,,0,0,,,0,1,,,,-0.9,,,0,,,,0,,7.8,,8.9,,
CA001018598,"VICTORIA UNIVERSITY CS, BC CA",2003-11,,0,11,7,,,0,6,0,0,0,-1.6,,,34.8,13.1,,353.5,103.2,,6.1,9.3,3,,
CA001018598,"VICTORIA UNIVERSITY CS, BC CA",2003-12,,0,16,5,,,0,4,0,0,0,-3.1,,,6.8,11.9,,391.3,38.8,,5.7,8.3,3.1,,
CA001018598,"VICTORIA UNIVERSITY CS, BC CA",2004-01,0,0,,,,,0,6,2,0,0,-6.9,,,,13.4,,379,,,6.1,8.5,3.8,,
CA001018598,"VICTORIA UNIVERSITY CS, BC CA",2004-02,0,0,13,0,,,0,0,0,0,0,1,,,1.5,12.8,,321.8,7.7,,7.2,10.2,4.2,,
CA001018598,"VICTORIA UNIVERSITY CS, BC CA",2004-03,0,0,11,3,,,0,0,0,0,0,1.6,,,13.2,20.9,,299.7,32.2,,8.7,12.3,5.1,,
CA001018598,"VICTORIA UNIVERSITY CS, BC CA",2004-04,0,0,2,0,,,0,0,0,3,0,0.2,,,2.2,23.5,,218.1,3.6,,11.1,16.3,5.8,,
CA001018598,"VICTORIA UNIVERSITY CS, BC CA",2004-05,0,0,7,2,,,0,0,0,3,0,5.5,,,4.2,25.6,,148.8,14.6,,13.5,18.6,8.5,,
CA001018598,"VICTORIA UNIVERSITY CS, BC CA",2004-06,12.8,12.8,5,1,,,0,0,0,15,0,5.5,,,2.8,30.4,,65.6,8.6,,16.6,22.9,10.3,,
CA001018598,"VICTORIA UNIVERSITY CS, BC CA",2004-07,49.5,36.7,4,1,,,0,0,0,28,1,9.9,,,6.2,34.5,15.5,15.5,8.4,,19,25.2,12.8,,
CA001018598,"VICTORIA UNIVERSITY CS, BC CA",2004-08,77,27.5,,,,,0,0,0,25,0,10,,,,31.3,36.1,20.6,,,18.6,23.9,13.2,,
CA001018598,"VICTORIA UNIVERSITY CS, BC CA",2004-09,77,0,8,6,,,0,0,0,2,0,5.8,,,8.6,21.6,166.9,130.8,31.8,,14,18.1,9.8,,
CA001018598,"VICTORIA UNIVERSITY CS, BC CA",2004-10,77,0,9,4,,,0,0,0,0,0,1.6,,,14.4,20.8,396.9,230,38.2,,10.9,14.4,7.4,,
CA001018598,"VICTORIA UNIVERSITY CS, BC CA",2004-11,77,0,18,11,,,0,1,0,0,0,-0.1,,,17.4,14.1,705.1,308.2,88.4,,7.7,10.4,5,,
CA001018598,"VICTORIA UNIVERSITY CS, BC CA",2004-12,77,0,18,10,,,0,1,0,0,0,-0.3,,,23.4,16.1,1033,327.9,102,,7.8,10.3,5.2,,
CA001018598,"VICTORIA UNIVERSITY CS, BC CA",2005-01,0,0,13,8,,,0,8,0,0,0,-4.5,,,31.2,15.2,1416.4,383.4,111.2,,6,8.5,3.4,,
CA001018598,"VICTORIA UNIVERSITY CS, BC CA",2005-02,0,0,7,3,,,0,4,0,0,0,-1.9,,,14.4,13.7,1768,351.6,33.4,,5.8,9.6,1.9,,
CA001018598,"VICTORIA UNIVERSITY CS, BC CA",2005-03,0,0,11,6,,,0,0,0,0,0,1.7,,,16.8,18.4,2059.7,291.7,47.6,,8.9,12.7,5.1,,
CA001018598,"VICTORIA UNIVERSITY CS, BC CA",2005-04,0,0,10,4,,,0,0,0,2,0,1.5,,,5.4,21.9,2297.4,237.7,23.8,,10.4,14.8,6,,
CA001018598,"VICTORIA UNIVERSITY CS, BC CA",2005-05,4.3,4.3,13,2,,,0,0,0,5,0,6.4,,,5.4,28.1,2432.4,135,23.8,,14.1,19,9.2,,
CA001018598,"VICTORIA UNIVERSITY CS, BC CA",2005-06,5.3,1,8,4,,,0,0,0,10,0,7.2,,,6.2,25.2,2519.3,86.9,23,,15.5,20.2,10.8,,
CA001018598,"VICTORIA UNIVERSITY CS, BC CA",2005-07,15.5,10.2,3,2,,,0,0,0,25,0,9.3,,,4,28.3,34.1,34.1,8.6,,17.6,23.5,11.6,,
CA001018598,"VICTORIA UNIVERSITY CS, BC CA",2005-08,27.4,11.9,4,3,,,0,0,0,29,0,9.4,,,22.8,29.5,55.5,21.4,30,,18,24.6,11.4,,
CA001018598,"VICTORIA UNIVERSITY CS, BC CA",2005-09,27.4,0,4,2,,,0,0,0,8,0,4.9,,,28,24,186.3,130.8,33,,14,19.3,8.7,,
CA001018598,"VICTORIA UNIVERSITY CS, BC CA",2005-10,27.4,0,19,7,,,0,0,0,0,0,4.2,,,24.2,17.8,411.3,225,83.4,,11.1,14.4,7.8,,
CA001018598,"VICTORIA UNIVERSITY CS, BC CA",2005-11,27.4,0,19,8,,,0,2,0,0,0,-0.1,,,24.4,15.4,741.8,330.5,88.2,,7.3,10.2,4.5,,
CA001018598,"VICTORIA UNIVERSITY CS, BC CA",2005-12,27.4,0,17,8,,,0,2,0,0,0,-1,,,13.6,13.6,1110.8,369,79.4,,6.4,9.1,3.8,,
CA001018598,"VICTORIA UNIVERSITY CS, BC CA",2006-01,0,0,24,19,,,0,0,0,0,0,1.5,,,25.2,14.6,1431.5,320.7,175.6,,8,11,5,,
CA001018598,"VICTORIA UNIVERSITY CS, BC CA",2006-02,0,0,10,6,,,0,7,0,0,0,-2.8,,,8.2,13.9,1786,354.5,42,,5.7,9,2.3,,
CA001018598,"VICTORIA UNIVERSITY CS, BC CA",2006-03,0,0,10,4,,,0,3,0,0,0,-1.6,,,8,14.9,2126.7,340.7,27.6,,7.3,11,3.7,,
CA001018598,"VICTORIA UNIVERSITY CS, BC CA",2006-04,0,0,10,6,,,0,0,0,1,0,1.3,,,10.8,21.5,2384.2,257.5,35.6,,9.8,13.8,5.7,,
CA001018598,"VICTORIA UNIVERSITY CS, BC CA",2006-05,0.9,0.9,8,1,,,0,0,0,5,0,1.2,,,13.8,27.9,2557.7,173.5,23.2,,12.8,18.2,7.3,,
CA001018598,"VICTORIA UNIVERSITY CS, BC CA",2006-06,8.4,7.5,6,4,,,0,0,0,16,0,7.9,,,5.8,31,2630.7,73,19.6,,16.1,21.7,10.6,,
CA001018598,"VICTORIA UNIVERSITY CS, BC CA",2006-07,37.5,29.1,2,0,,,0,0,0,26,1,9,,,2,32.7,29.6,29.6,3.2,,18.3,24.5,12.1,,
CA001018598,"VICTORIA UNIVERSITY CS, BC CA",2006-08,42.3,4.8,2,1,,,0,0,0,21,0,8.3,,,3.4,27.7,73.8,44.2,4.4,,17.1,23.2,10.9,,
CA001018598,"VICTORIA UNIVERSITY CS, BC CA",2006-09,45.7,3.4,6,3,,,0,0,0,13,0,6.5,,,16.4,27.8,169.3,95.5,31.6,,15.3,20.9,9.6,,
CA001018598,"VICTORIA UNIVERSITY CS, BC CA",2006-10,45.7,0,11,6,,,0,2,0,0,0,-2.1,,,9,20.8,410.9,241.6,43.8,,10.5,14.6,6.5,,
CA001018598,"VICTORIA UNIVERSITY CS, BC CA",2006-11,45.7,0,27,22,,,0,6,1,0,0,-7.4,,,70,16.5,733.9,323,299,,7.2,10.5,3.9,,
CA001018598,"VICTORIA UNIVERSITY CS, BC CA",2006-12,45.7,0,18,10,,,0,1,0,0,0,-1.2,,,22.8,13.4,1104.8,370.9,109.4,,6.4,9.1,3.6,,
CA001018598,"VICTORIA UNIVERSITY CS, BC CA",2007-01,0,0,18,12,,,0,9,0,0,0,-7.1,,,49.4,12.9,1517.1,412.3,209,,5,8.1,2,,
CA001018598,"VICTORIA UNIVERSITY CS, BC CA",2007-02,0,0,17,6,,,0,3,0,0,0,-0.1,,,33.6,12.8,1842.1,325,82.8,,6.7,9.5,3.9,,
CA001018598,"VICTORIA UNIVERSITY CS, BC CA",2007-03,0,0,18,10,,,0,1,0,0,0,-4.1,,,36.4,15.7,2151.2,309.1,108.2,,8,11.6,4.5,,
CA001018598,"VICTORIA UNIVERSITY CS, BC CA",2007-04,0,0,13,4,,,0,1,0,0,0,0,,,7.8,20.1,2417.2,266,30.2,,9.5,13.6,5.3,,
CA001018598,"VICTORIA UNIVERSITY CS, BC CA",2007-05,0.4,0.4,5,1,,,0,0,0,7,0,3.5,,,7.4,26,2593.4,176.2,11.2,,12.5,18,6.9,,
CA001018598,"VICTORIA UNIVERSITY CS, BC CA",2007-06,0.4,0,12,3,,,0,0,0,6,0,6.7,,,6,26.1,2699.9,106.5,25,,14.8,19.6,9.9,,
CA001018598,"VICTORIA UNIVERSITY CS, BC CA",2007-07,29.5,29.1,7,6,,,0,0,0,25,2,9.5,,,8.8,36.9,25,25,28.8,,18.5,24.3,12.6,,
CA001018598,"VICTORIA UNIVERSITY CS, BC CA",2007-08,33.9,4.4,7,2,,,0,0,0,21,0,8.9,,,5.6,28.6,65.6,40.6,15.6,,17.1,22.6,11.7,,
CA001018598,"VICTORIA UNIVERSITY CS, BC CA",2007-09,34,0.1,9,1,,,0,0,0,5,0,4.7,,,7.4,25.2,197.3,131.7,15.8,,13.9,18.5,9.4,,
CA001018598,"VICTORIA UNIVERSITY CS, BC CA",2007-10,34,0,16,6,,,0,0,0,0,0,1.7,,,20,19.4,456.5,259.2,61,,10,13.6,6.3,,
CA001018598,"VICTORIA UNIVERSITY CS, BC CA",2007-11,34,0,15,8,,,0,2,0,0,0,-0.1,,,13.6,15.5,798.4,341.9,64.4,,6.9,9.8,4,,
CA001018598,"VICTORIA UNIVERSITY CS, BC CA",2007-12,34,0,20,12,,,0,6,0,0,0,-2,,,37.4,13.3,1211.7,413.3,141.2,,5,7.9,2.1,,
CA001018598,"VICTORIA UNIVERSITY CS, BC CA",2008-01,0,0,17,8,,,0,10,0,0,0,-2.6,,,15,11.8,1640.3,428.6,61.2,,4.5,7.6,1.4,,
CA001018598,"VICTORIA UNIVERSITY CS, BC CA",2008-02,0,0,11,5,,,0,4,0,0,0,-0.7,,,10.2,13.1,1985.6,345.3,46.6,,6.4,9.6,3.2,,
CA001018598,"VICTORIA UNIVERSITY CS, BC CA",2008-03,0,0,16,6,,,0,3,0,0,0,-0.7,,,6.4,13.3,2355.5,369.9,34,,6.4,10.1,2.7,,
CA001018598,"VICTORIA UNIVERSITY CS, BC CA",2008-04,0,0,11,4,,,0,2,0,0,0,-0.5,,,11.2,19.1,2665.8,310.3,28.6,,8,12.3,3.7,,
CA001018598,"VICTORIA UNIVERSITY CS, BC CA",2008-05,2.3,2.3,6,2,,,0,0,0,6,0,2.3,,,5.2,28.8,2843.2,177.4,13.6,,12.7,17.3,8,,
CA001018598,"VICTORIA UNIVERSITY CS, BC CA",2008-06,12,9.7,5,3,,,0,0,0,9,0,5.3,,,4.2,32.1,2976.6,133.4,14.6,,14.2,19.4,9.1,,
CA001018598,"VICTORIA UNIVERSITY CS, BC CA",2008-07,14.3,2.3,3,1,,,0,0,0,25,0,7.7,,,2.8,27.8,55.7,55.7,5.6,,16.6,22.8,10.4,,
CA001018598,"VICTORIA UNIVERSITY CS, BC CA",2008-08,31.3,17,11,6,,,0,0,0,22,0,7.2,,,9.6,30.5,108.3,52.6,35.8,,17.2,22.9,11.4,,
CA001018598,"VICTORIA UNIVERSITY CS, BC CA",2008-09,31.3,0,5,1,,,0,0,0,11,0,5.4,,,5.4,25.4,213.4,105.1,10.4,,14.8,20.1,9.6,,
CA001018598,"VICTORIA UNIVERSITY CS, BC CA",2008-10,31.3,0,13,4,,,0,0,0,0,0,0.3,,,9.4,16.3,474.7,261.3,39,,9.9,13.8,6,,
CA001018598,"VICTORIA UNIVERSITY CS, BC CA",2008-11,31.3,0,19,10,,,0,1,0,0,0,0,,,46.8,16.3,750.3,275.6,132.6,,9.1,12.4,5.9,,
CA001018598,"VICTORIA UNIVERSITY CS, BC CA",2008-12,31.3,0,21,12,,,0,14,5,0,0,-11.2,,,12.8,13.2,1234.1,483.8,82,,2.7,5.7,-0.2,,
CA001018598,"VICTORIA UNIVERSITY CS, BC CA",2009-01,0,0,12,6,,,0,5,0,0,0,-4,,,32.6,11.4,1660.8,426.7,96,,4.6,7.1,2.1,,
CA001018598,"VICTORIA UNIVERSITY CS, BC CA",2009-02,0,0,11,3,,,0,10,0,0,0,-2.5,,,11.6,12.2,2034.1,373.3,27.6,,5,8.5,1.5,,
CA001018598,"VICTORIA UNIVERSITY CS, BC CA",2009-03,0,0,15,5,,,0,11,0,0,0,-3.8,,,12.2,14.2,2435.5,401.4,47.2,,5.4,9.3,1.5,,
CA001018598,"VICTORIA UNIVERSITY CS, BC CA",2009-04,0,0,7,3,,,0,2,0,1,0,-0.1,,,17.2,22.9,2705.7,270.2,54,,9.3,14.5,4.1,,
CA001018598,"VICTORIA UNIVERSITY CS, BC CA",2009-05,0,0,11,6,,,0,0,0,8,0,3.5,,,9.2,25.6,2886.4,180.7,40.8,,12.3,17.9,6.7,,
CA001018598,"VICTORIA UNIVERSITY CS, BC CA",2009-06,10.4,10.4,5,0,,,0,0,0,18,0,7,,,1.6,30.4,2945.6,59.2,5,,16.7,22.8,10.6,,
CA001018598,"VICTORIA UNIVERSITY CS, BC CA",2009-07,56.7,46.3,3,1,,,0,0,0,26,4,8.6,,,7.2,37.6,28.4,28.4,11,,18.9,25.9,11.9,,
CA001018598,"VICTORIA UNIVERSITY CS, BC CA",2009-08,67.5,10.8,3,2,,,0,0,0,20,0,8.5,,,8.8,29.9,76.2,47.8,17.4,,17.1,22.9,11.4,,
CA001018598,"VICTORIA UNIVERSITY CS, BC CA",2009-09,71.3,3.8,9,4,,,0,0,0,10,0,5.5,,,12.6,27.5,165.4,89.2,40.8,,15.5,20.4,10.5,,
CA001018598,"VICTORIA UNIVERSITY CS, BC CA",2009-10,71.3,0,15,10,,,0,0,0,0,0,1.6,,,43.6,19.1,400.9,235.5,123.8,,10.7,14.5,6.9,,
CA001018598,"VICTORIA UNIVERSITY CS, BC CA",2009-11,71.3,0,22,17,,,0,0,0,0,0,0.5,,,42.4,12.6,716.9,316,217.2,,7.8,10.5,5.1,,
CA001018598,"VICTORIA UNIVERSITY CS, BC CA",2009-12,71.3,0,10,6,,,0,8,0,0,0,-6.4,,,18.4,9.9,1167.7,450.8,52.8,,3.8,6.4,1.2,,
CA001018598,"VICTORIA UNIVERSITY CS, BC CA",2010-01,0,0,16,9,,,0,0,0,0,0,0.9,,,28.8,14,1480.1,312.4,114,,7.9,10.4,5.4,,
CA001018598,"VICTORIA UNIVERSITY CS, BC CA",2010-02,0,0,14,2,,,0,0,0,0,0,1.4,,,6.6,14.7,1766,285.9,26.8,,8.1,11.3,5,,
CA001018598,"VICTORIA UNIVERSITY CS, BC CA",2010-03,0,0,16,8,,,0,2,0,0,0,-1.7,,,20,16.3,2077.7,311.7,73.4,,8.3,12.3,4.3,,
CA001018598,"VICTORIA UNIVERSITY CS, BC CA",2010-04,0,0,13,4,,,0,0,0,0,0,1.2,,,8.6,19.6,2330.9,253.2,33,,9.9,14.1,5.7,,
CA001018598,"VICTORIA UNIVERSITY CS, BC CA",2010-05,0,0,12,6,,,0,0,0,2,0,1.3,,,11,21.5,2536.9,206,50.2,,11.7,16.5,6.9,,
CA001018598,"VICTORIA UNIVERSITY CS, BC CA",2010-06,0,0,7,3,,,0,0,0,6,0,7,,,6,23.6,2648.6,111.7,16.4,,14.5,19.1,9.8,,
CA001018598,"VICTORIA UNIVERSITY CS, BC CA",2010-07,15.7,15.7,1,0,,,0,0,0,19,1,8.3,,,1,33.5,59.9,59.9,1.2,,16.9,23.2,10.6,,
CA001018598,"VICTORIA UNIVERSITY CS, BC CA",2010-08,43.5,27.8,4,2,,,0,0,0,22,2,7.6,,,11.2,34.5,117.3,57.4,20.2,,17.4,23.4,11.4,,
CA001018598,"VICTORIA UNIVERSITY CS, BC CA",2010-09,43.5,0,19,11,,,0,0,0,4,0,7.9,,,20.2,25.2,229.3,112,85.6,,14.6,18.7,10.5,,
CA001018598,"VICTORIA UNIVERSITY CS, BC CA",2010-10,43.5,0,13,4,,,0,0,0,0,0,2.2,,,21.4,20.1,455.2,225.9,49.4,,11.1,15,7.1,,
CA001018598,"VICTORIA UNIVERSITY CS, BC CA",2010-11,43.5,0,12,8,,,0,5,2,0,0,-9.5,,,19.2,16.1,821.7,366.5,64.8,,6.1,9.2,3,,
CA001018598,"VICTORIA UNIVERSITY CS, BC CA",2010-12,43.5,0,13,6,,,0,3,0,0,0,-3.2,,,57.6,12.6,1197.7,376,163.4,,6.2,8.7,3.7,,
CA001018598,"VICTORIA UNIVERSITY CS, BC CA",2011-01,0,0,18,13,,,0,9,0,0,0,-2.1,,,24.4,13.9,1601.1,403.4,148.4,,5.3,8.1,2.6,,
CA001018598,"VICTORIA UNIVERSITY CS, BC CA",2011-02,0,0,11,5,,,0,7,1,0,0,-7.2,,,13.8,11.4,1938.8,337.7,56.8,,4.3,7.7,0.8,,
CA001018598,"VICTORIA UNIVERSITY CS, BC CA",2011-03,0,0,17,8,,,0,2,0,0,0,-0.4,,,14,13.1,2291.5,352.7,66.2,,6.9,9.9,4,,
CA001018598,"VICTORIA UNIVERSITY CS, BC CA",2011-04,0,0,15,9,,,0,1,0,0,0,-0.5,,,18.2,14.2,2632.2,340.7,74,,7,10.7,3.2,,
CA001018598,"VICTORIA UNIVERSITY CS, BC CA",2011-05,0,0,12,7,,,0,0,0,0,0,1.8,,,21.8,20.6,2877.1,244.9,62,,10.4,14.6,6.3,,
CA001018598,"VICTORIA UNIVERSITY CS, BC CA",2011-06,0,0,5,1,,,0,0,0,4,0,6.8,,,3.4,23.3,3001.6,124.5,5.8,,14.2,18.8,9.6,,
CA001018598,"VICTORIA UNIVERSITY CS, BC CA",2011-07,0.4,0.4,7,1,,,0,0,0,13,0,6.6,,,8.4,27,77.7,77.7,16,,15.8,21.1,10.6,,
CA001018598,"VICTORIA UNIVERSITY CS, BC CA",2011-08,4.7,4.3,1,1,,,0,0,0,26,0,7.3,,,8.4,28,128.4,50.7,8.4,,16.8,22.8,10.9,,
CA001018598,"VICTORIA UNIVERSITY CS, BC CA",2011-09,8.8,4.1,6,3,,,0,0,0,10,0,6.2,,,11.8,27.7,228.3,99.9,27.2,,15.1,20.2,10.1,,
CA001018598,"VICTORIA UNIVERSITY CS, BC CA",2011-10,8.8,0,12,6,,,0,0,0,0,0,1.4,,,21,17.3,498.2,269.9,75.2,,9.6,13.2,6.1,,
CA001018598,"VICTORIA UNIVERSITY CS, BC CA",2011-11,8.8,0,14,11,,,0,4,0,0,0,-2,,,38.8,12.7,885,386.8,148,,5.4,8.5,2.4,,
CA001018598,"VICTORIA UNIVERSITY CS, BC CA",2011-12,8.8,0,14,6,,,0,11,0,0,0,-2.2,,,20.4,11.8,1317.1,432.1,64.4,,4.4,6.9,1.9,,
CA001018598,"VICTORIA UNIVERSITY CS, BC CA",2012-01,0,0,17,11,,,0,9,2,0,0,-5.8,,,15.4,10.5,1760.4,443.3,111,,4,6.4,1.6,,
CA001018598,"VICTORIA UNIVERSITY CS, BC CA",2012-02,0,0,14,8,,,0,5,0,0,0,-1.7,,,16.6,11.8,2126.5,366.1,71.2,,5.7,8,3.4,,
CA001018598,"VICTORIA UNIVERSITY CS, BC CA",2012-03,0,0,16,7,,,0,7,0,0,0,-1.9,,,9.6,13.2,2518.1,391.6,64.6,,5.7,9,2.4,,
CA001018598,"VICTORIA UNIVERSITY CS, BC CA",2012-04,0,0,11,4,,,0,1,0,0,0,-0.2,,,11.6,17.8,2791,272.9,36.2,,9.2,13.1,5.4,,
CA001018598,"VICTORIA UNIVERSITY CS, BC CA",2012-05,0,0,8,4,,,0,0,0,5,0,2,,,6.8,24.6,3006.6,215.6,24.8,,11.4,16.1,6.7,,
CA001018598,"VICTORIA UNIVERSITY CS, BC CA",2012-06,0,0,11,5,,,0,0,0,1,0,5.6,,,15.4,21.4,3156.3,149.7,41.8,,13.3,17.6,9,,
CA001018598,"VICTORIA UNIVERSITY CS, BC CA",2012-07,0,0,5,3,,,0,0,0,20,0,7.3,,,5.8,25.9,61.8,61.8,17,,16.3,21.8,10.9,,
CA001018598,"VICTORIA UNIVERSITY CS, BC CA",2012-08,19.6,19.6,1,0,,,0,0,0,24,0,8,,,2.4,31.3,99.6,37.8,2.4,,17.8,23.7,11.8,,
CA001018598,"VICTORIA UNIVERSITY CS, BC CA",2012-09,21.7,2.1,2,0,,,0,0,0,12,0,6,,,1,25.8,209.8,110.2,1.4,,14.6,20.4,8.8,,
CA001018598,"VICTORIA UNIVERSITY CS, BC CA",2012-10,21.7,0,16,12,,,0,0,0,2,0,2.8,,,31.2,23.5,460.6,250.8,159.6,,10.2,13.6,6.9,,
CA001018598,"VICTORIA UNIVERSITY CS, BC CA",2012-11,21.7,0,19,12,,,0,2,0,0,0,-0.9,,,40.8,14,789.5,328.9,111,,7.4,9.8,5,,
CA001018598,"VICTORIA UNIVERSITY CS, BC CA",2012-12,21.7,0,24,17,,,0,2,0,0,0,-0.5,,,12.6,11.3,1196.7,407.2,120.4,,5.2,7.1,3.3,,
CA001018598,"VICTORIA UNIVERSITY CS, BC CA",2013-01,0,0,16,7,,,0,4,0,0,0,-2.8,,,27.8,9.5,1638.6,441.9,71.8,,4.1,6,2.2,,
CA001018598,"VICTORIA UNIVERSITY CS, BC CA",2013-02,0,0,13,6,,,0,2,0,0,0,-0.5,,,13.8,10.5,1986.4,347.8,44.8,,5.9,8.4,3.5,,
CA001018598,"VICTORIA UNIVERSITY CS, BC CA",2013-03,0,0,15,10,,,0,1,0,0,0,-1.2,,,21.4,17.1,2340.1,353.7,86,,6.9,10.5,3.4,,
CA001018598,"VICTORIA UNIVERSITY CS, BC CA",2013-04,0,0,15,8,,,0,0,0,0,0,1.6,,,12.4,17.3,2622.2,282.1,66.2,,8.9,12.7,5.2,,
CA001018598,"VICTORIA UNIVERSITY CS, BC CA",2013-05,1.1,1.1,16,7,,,0,0,0,4,0,1.4,,,7.2,27.2,2796.5,174.3,45.4,,12.8,17.2,8.3,,
CA001018598,"VICTORIA UNIVERSITY CS, BC CA",2013-06,4.9,3.8,7,2,,,0,0,0,10,0,7,,,3.8,29.4,2888.1,91.6,13.4,,15.4,20.4,10.4,,
CA001018598,"VICTORIA UNIVERSITY CS, BC CA",2013-07,15.5,10.6,1,1,,,0,0,0,28,0,8.7,,,3.4,29.8,40.3,40.3,3.4,,17.4,23.8,11,,
CA001018598,"VICTORIA UNIVERSITY CS, BC CA",2013-08,19.1,3.6,10,3,,,0,0,0,23,0,9.1,,,9,28.2,78.4,38.1,28.6,,17.2,22.8,11.6,,
CA001018598,"VICTORIA UNIVERSITY CS, BC CA",2013-09,23.8,4.7,,,,,0,0,0,8,0,5.3,,,,29.3,177,98.6,,,14.8,18.9,10.6,,
CA001018598,"VICTORIA UNIVERSITY CS, BC CA",2013-10,23.8,0,5,3,,,0,0,0,0,0,3.9,,,8.4,16.6,426.1,249.1,20.2,,9.7,12.9,6.6,,
CA001018598,"VICTORIA UNIVERSITY CS, BC CA",2013-11,23.8,0,17,9,,,0,2,0,0,0,-2.2,,,20.6,12.7,777.4,351.3,79,,6.6,9.2,4.1,,
CA001018598,"VICTORIA UNIVERSITY CS, BC CA",2013-12,23.8,0,,,,,0,8,2,0,0,-7.8,,,,10.4,1242.1,464.7,,,3.3,5.8,0.9,,
CA001018598,"VICTORIA UNIVERSITY CS, BC CA",2014-01,0,0,,,,,0,1,0,0,0,-0.5,,,,10.7,1634.9,392.8,,,5.7,7.4,3.9,,
CA001018598,"VICTORIA UNIVERSITY CS, BC CA",2014-02,0,0,,,,,0,10,3,0,0,-5.2,,,,12,2034.3,399.4,,,3.5,6.1,1,,
CA001018598,"VICTORIA UNIVERSITY CS, BC CA",2014-03,0,0,,,,,0,1,0,0,0,-0.3,,,,14.6,2374.9,340.6,,,7.4,10.7,4,,
CA001018598,"VICTORIA UNIVERSITY CS, BC CA",2014-04,0,0,12,5,,,0,0,0,1,0,3.3,,,14.2,21.3,2619.7,244.8,46.2,,10.2,14.2,6.2,,
CA001018598,"VICTORIA UNIVERSITY CS, BC CA",2014-05,0.2,0.2,7,3,,,0,0,0,5,0,4.6,,,7.2,24.4,2758.3,138.6,22.4,,13.9,18.8,9,,
CA001018598,"VICTORIA UNIVERSITY CS, BC CA",2014-06,0.2,0,4,0,,,0,0,0,14,0,6.1,,,2,24.5,2845.5,87.2,5.6,,15.4,20.8,10.1,,
CA001018598,"VICTORIA UNIVERSITY CS, BC CA",2014-07,21,20.8,5,1,,,0,0,0,26,0,9,,,2.6,29.7,29.4,29.4,6.2,,18.1,24.6,11.5,,
CA001018598,"VICTORIA UNIVERSITY CS, BC CA",2014-08,38.8,17.8,2,1,,,0,0,0,27,0,9.6,,,13.8,29.5,52.5,23.1,15.6,,18.2,24.3,12,,
CA001018598,"VICTORIA UNIVERSITY CS, BC CA",2014-09,42.2,3.4,10,3,,,0,0,0,10,0,8.3,,,27,27,129.1,76.6,54,,15.9,20.8,11,,
CA001018598,"VICTORIA UNIVERSITY CS, BC CA",2014-10,42.2,0,21,11,,,0,0,0,2,0,4.9,,,18.2,21.2,306.9,177.8,96,,12.6,15.9,9.3,,
CA001018598,"VICTORIA UNIVERSITY CS, BC CA",2014-11,42.2,0,,,,,0,3,0,0,0,-3.7,,,,18.1,635.6,328.7,,,7.4,10.1,4.7,,
CA001018598,"VICTORIA UNIVERSITY CS, BC CA",2014-12,42.2,0,,,,,0,4,0,0,0,-4.4,,,,15.2,1010.6,375,,,6.2,8.8,3.7,,
CA001018598,"VICTORIA UNIVERSITY CS, BC CA",2015-01,0,0,,,,,0,2,0,0,0,-1.2,,,,12.6,1368.3,357.7,,,6.8,8.8,4.8,,
CA001018598,"VICTORIA UNIVERSITY CS, BC CA",2015-02,0,0,,,,,0,1,0,0,0,0,,,,14.9,1639.7,271.4,,,8.3,11.1,5.4,,
CA001018598,"VICTORIA UNIVERSITY CS, BC CA",2015-03,0,0,,,,,0,1,0,0,0,-0.6,,,,17.4,1932.9,293.2,,,8.9,12.5,5.3,,
CA001018598,"VICTORIA UNIVERSITY CS, BC CA",2015-04,0,0,,,,,0,0,0,0,0,1.8,,,,19.5,2201.1,268.2,,,9.4,14.1,4.7,23,43
CA001018598,"VICTORIA UNIVERSITY CS, BC CA",2015-05,0,0,2,0,,,0,0,0,10,0,2.7,,,1.2,26.3,2342.5,141.4,1.8,,13.8,19.5,8,25,32
CA001018598,"VICTORIA UNIVERSITY CS, BC CA",2015-06,19.2,19.2,1,1,,,0,0,0,25,0,7.2,,,3,31.4,2378.9,36.4,3.2,,17.7,24.3,11.1,23,46
CA001018598,"VICTORIA UNIVERSITY CS, BC CA",2015-07,56.4,37.2,3,2,,,0,0,0,27,0,10.1,,,7.6,30.9,13.3,13.3,13.2,,19.1,25.3,12.9,22,43
CA001018598,"VICTORIA UNIVERSITY CS, BC CA",2015-08,70,13.6,6,3,,,0,0,0,23,0,9.9,,,13.8,28.6,47.7,34.4,31.8,,17.7,23.6,11.8,27,44
CA001018598,"VICTORIA UNIVERSITY CS, BC CA",2015-09,70,0,10,5,,,0,0,0,5,0,4.7,,,17.8,23.1,185.7,138,46,,13.7,18.2,9.2,22,41
CA001018598,"VICTORIA UNIVERSITY CS, BC CA",2015-10,70,0,11,9,,,0,0,0,0,0,5.2,,,45.8,19.9,378.2,192.5,115,,12.1,15.4,8.9,26,46
CA001018598,"VICTORIA UNIVERSITY CS, BC CA",2015-11,70,0,,,,,0,3,0,0,0,-1.3,,,,13.1,678.4,300.2,,,6.3,9.3,3.4,23,63
CA001018598,"VICTORIA UNIVERSITY CS, BC CA",2015-12,70,0,22,13,,,0,3,0,0,0,-0.8,,,28.5,13.5,1070.1,391.7,137.9,,5.7,8.1,3.3,24,54
CA001018598,"VICTORIA UNIVERSITY CS, BC CA",2016-01,0,0,15,6,,,0,1,0,0,0,-0.1,,,16.5,13.5,1438,367.9,54.1,,6,8.3,3.8,28,57
CA001018598,"VICTORIA UNIVERSITY CS, BC CA",2016-02,0,0,21,8,,,0,0,0,0,0,0.2,,,65,14.1,1750.5,312.5,115.5,,7.6,10.3,4.8,22,48
CA001018598,"VICTORIA UNIVERSITY CS, BC CA",2016-03,0,0,15,7,,,0,0,0,0,0,1.5,,,11.4,18.9,2052.4,301.9,58.2,,8.6,12.1,5.1,22,59
CA001018598,"VICTORIA UNIVERSITY CS, BC CA",2016-04,0,0,7,1,,,0,0,0,3,0,3.1,,,2.7,25,2238,185.6,11,,12.1,16.7,7.6,25,41
CA001018598,"VICTORIA UNIVERSITY CS, BC CA",2016-05,0.1,0.1,3,1,,,0,0,0,7,0,5.6,,,6.1,25.9,2368.5,130.5,7.7,,14.1,19.4,8.9,28,39
CA001018598,"VICTORIA UNIVERSITY CS, BC CA",2016-06,8.3,8.2,8,4,,,0,0,0,11,0,5.3,,,21.8,30.1,2452,83.5,41,,15.8,21.1,10.6,24,39
CA001018598,"VICTORIA UNIVERSITY CS, BC CA",2016-07,14.8,6.5,5,0,,,0,0,0,23,0,9.5,,,2.4,26.8,37.2,37.2,6.6,,17.3,22.6,12,27,39
CA001018598,"VICTORIA UNIVERSITY CS, BC CA",2016-08,43.3,28.5,2,1,,,0,0,0,24,1,9.7,,,4.9,33.3,69,31.8,5.7,,18.2,24.1,12.4,23,46
CA001018598,"VICTORIA UNIVERSITY CS, BC CA",2016-09,43.3,0,10,4,,,0,0,0,5,0,3.6,,,11.3,24.5,191.1,122.1,34,,14.3,19,9.5,24,39
CA001018598,"VICTORIA UNIVERSITY CS, BC CA",2016-10,43.3,0,21,12,,,0,0,0,0,0,4.6,,,23.7,17.2,417.3,226.2,127.3,,11,13.8,8.2,6,52
CA001018598,"VICTORIA UNIVERSITY CS, BC CA",2016-11,43.3,0,18,11,,,0,0,0,0,0,1.2,,,16.9,19,661.5,244.2,80.4,,9.6,12.1,7,25,44
CA001018598,"VICTORIA UNIVERSITY CS, BC CA",2016-12,43.3,0,19,12,,,0,13,0,0,0,-4.1,,,22.8,9.5,1137.1,475.6,128.6,,3,5.3,0.7,24,56
CA001018598,"VICTORIA UNIVERSITY CS, BC CA",2017-01,0,0,8,5,,,0,15,1,0,0,-5,,,7.6,12.1,1601.4,464.3,29.8,,3.4,6.1,0.6,2,63
CA001018598,"VICTORIA UNIVERSITY CS, BC CA",2017-02,0,0,16,10,,,0,8,0,0,0,-3.1,,,19.4,13,1965.2,363.8,86.1,,4.3,7.1,1.6,20,50
CA001018598,"VICTORIA UNIVERSITY CS, BC CA",2017-03,0,0,19,11,,,0,2,0,0,0,-0.1,,,11.6,14,2286.7,321.5,84.4,,6.9,10,3.7,23,46
CA001018598,"VICTORIA UNIVERSITY CS, BC CA",2017-04,0,0,15,7,,,0,0,0,0,0,0.7,,,10.2,15.8,2553.3,266.6,49.3,,9.4,13.1,5.8,28,44
CA001018598,"VICTORIA UNIVERSITY CS, BC CA",2017-05,0,0,13,4,,,0,0,0,9,0,3.8,,,4.9,26,2738.3,185,25.5,,12.4,17.3,7.4,27,54
CA001018598,"VICTORIA UNIVERSITY CS, BC CA",2017-06,4.9,4.9,5,1,,,0,0,0,10,0,6.1,,,5.9,29.9,2834,95.7,9.8,,15.2,20.6,9.8,23,50
CA001018598,"VICTORIA UNIVERSITY CS, BC CA",2017-07,10,5.1,1,0,,,0,0,0,29,0,8.3,,,0.5,26.8,32.2,32.2,0.7,,17.5,23.7,11.3,24,37
CA001018598,"VICTORIA UNIVERSITY CS, BC CA",2017-08,33.3,23.3,2,0,,,0,0,0,29,0,9,,,0.6,29.7,49.6,17.4,1.1,,18.5,24.9,12.1,25,37
CA001018598,"VICTORIA UNIVERSITY CS, BC CA",2017-09,48.1,14.8,8,3,,,0,0,0,11,0,7.5,,,4.8,30.2,143.3,93.7,16.1,,15.7,20.7,10.7,27,44
CA001018598,"VICTORIA UNIVERSITY CS, BC CA",2017-10,48.1,0,12,10,,,0,0,0,0,0,2.4,,,41.8,19.9,389.1,245.8,103.6,,10.4,14.6,6.3,26,43
CA001018598,"VICTORIA UNIVERSITY CS, BC CA",2017-11,48.1,0,19,14,,,0,3,0,0,0,-2.7,,,17.9,15.8,721.4,332.3,123.6,,7,9.5,4.5,36,48
CA001018598,"VICTORIA UNIVERSITY CS, BC CA",2017-12,48.1,0,15,8,,,0,6,0,0,0,-2.3,,,43.2,9.4,1159.4,438,122.9,,4.2,6.5,1.9,24,48
CA001018598,"VICTORIA UNIVERSITY CS, BC CA",2018-01,0,0,23,13,,,0,0,0,0,0,1.4,,,35.4,12.4,1534.4,375,144.5,,6.2,8.2,4.3,24,50
CA001018598,"VICTORIA UNIVERSITY CS, BC CA",2018-02,0,0,15,9,,,0,9,0,0,0,-4,,,19.2,13.7,1922.4,388,77.3,,4.5,7.3,1.7,3,56
CA001018598,"VICTORIA UNIVERSITY CS, BC CA",2018-03,0,0,9,1,,,0,2,0,0,0,-1.3,,,4.2,15.1,2279.5,357.1,13.8,,6.8,10.6,3,24,44
CA001018598,"VICTORIA UNIVERSITY CS, BC CA",2018-04,0,0,15,7,,,0,1,0,2,0,-0.6,,,15.4,22.6,2548.6,269.1,71,,9.4,13,5.7,24,50
CA001018598,"VICTORIA UNIVERSITY CS, BC CA",2018-05,0.1,0.1,4,1,,,0,0,0,9,0,5.2,,,5,26.1,2668.5,119.9,6.9,,14.2,19.7,8.6,22,41
CA001018598,"VICTORIA UNIVERSITY CS, BC CA",2018-06,5.6,5.5,7,4,,,0,0,0,9,0,5.1,,,5.1,30.8,2767.2,98.7,20.6,,15.1,20.5,9.7,29,41
CA001018598,"VICTORIA UNIVERSITY CS, BC CA",2018-07,35.8,30.2,2,0,,,0,0,0,26,0,7.5,,,0.4,30.3,21.6,21.6,0.9,,18.6,25.5,11.7,,
CA001018598,"VICTORIA UNIVERSITY CS, BC CA",2018-08,56.6,20.8,3,0,,,0,0,0,22,0,9.5,,,0.6,31.4,61.7,40.1,1.5,,17.7,23.8,11.6,,
CA001018598,"VICTORIA UNIVERSITY CS, BC CA",2018-09,56.6,0,12,4,,,0,0,0,4,0,5.7,,,5.7,26.1,188,126.3,27.4,,14.1,18.5,9.7,,
CA001018598,"VICTORIA UNIVERSITY CS, BC CA",2018-10,56.6,0,13,8,,,0,0,0,0,0,3.8,,,19.3,18.2,427.2,239.2,58.6,,10.4,14.2,6.5,,
CA001018598,"VICTORIA UNIVERSITY CS, BC CA",2018-11,56.6,0,14,13,,,0,0,0,0,0,1.8,,,21.7,15.7,719.7,292.5,130.1,,8.3,10.8,5.7,,
CA001018598,"VICTORIA UNIVERSITY CS, BC CA",2018-12,56.6,0,16,12,,,0,4,0,0,0,-1.1,,,28.7,14.1,1100.1,380.4,131.5,,6.1,8.5,3.6,,
CA001018598,"VICTORIA UNIVERSITY CS, BC CA",2019-01,0,0,11,8,,,0,0,0,0,0,0.3,,,49.6,11.8,1468.2,368.1,108,,6.5,8.7,4.2,,
CA001018598,"VICTORIA UNIVERSITY CS, BC CA",2019-02,0,0,13,8,,,0,14,2,0,0,-7.1,,,14.8,9,1930.7,462.5,49.8,,1.8,4.6,-0.9,,
CA001018598,"VICTORIA UNIVERSITY CS, BC CA",2019-03,0,0,7,3,,,0,9,0,0,0,-2.4,,,8.6,19.5,2283.2,352.5,22.6,,7,11.2,2.7,,
CA001018598,"VICTORIA UNIVERSITY CS, BC CA",2019-04,0,0,9,6,,,0,0,0,0,0,2.8,,,11.6,18.2,2534.3,251.1,37.6,,10,13.9,6,,
CA001018598,"VICTORIA UNIVERSITY CS, BC CA",2019-05,0,0,5,2,,,0,0,0,8,0,5.7,,,20,24.9,2683.1,148.8,33.4,,13.5,18.7,8.4,,
CA001018598,"VICTORIA UNIVERSITY CS, BC CA",2019-06,3.1,3.1,3,1,,,0,0,0,13,0,6.5,,,10.4,28.2,2772.3,89.2,11.7,,15.5,20.9,10,,
CA001018598,"VICTORIA UNIVERSITY CS, BC CA",2019-07,10.4,7.3,6,2,,,0,0,0,23,0,8.5,,,7.8,28.4,35.9,35.9,18.1,,17.4,22.6,12.2,,
CA001018598,"VICTORIA UNIVERSITY CS, BC CA",2019-08,21.3,10.9,7,2,,,0,0,0,22,0,9.9,,,6.9,28.3,67,31.1,16.9,,17.7,23,12.4,,
CA001018598,"VICTORIA UNIVERSITY CS, BC CA",2019-09,21.8,0.5,14,6,,,0,0,0,7,0,5,,,18.2,26.1,171.9,104.9,63.9,,14.7,18.8,10.7,,
CA001018598,"VICTORIA UNIVERSITY CS, BC CA",2019-10,21.8,0,15,6,,,0,0,0,0,0,0.4,,,23.5,15.8,468.7,296.8,69.1,,8.8,12.3,5.2,,
CA001018598,"VICTORIA UNIVERSITY CS, BC CA",2019-11,21.8,0,12,7,,,0,2,0,0,0,-3,,,14.3,13.9,789.1,320.4,45.2,,7.3,9.9,4.7,,
CA001018598,"VICTORIA UNIVERSITY CS, BC CA",2019-12,21.8,0,11,5,,,0,1,0,0,0,-0.8,,,6,11.6,1167.2,378.1,24.7,,6.1,7.9,4.4,,
,,2020-01,,,,,,,,,,,,,,,,,,,,,6,,,,
CA001018598,"VICTORIA UNIVERSITY CS, BC CA",2020-02,,,15,8,,,,,,,,,,,49.5,,,,127.9,,5.7,,,,
CA001018598,"VICTORIA UNIVERSITY CS, BC CA",2020-03,,0,11,2,,,0,6,0,0,0,-1.3,,,6,13.7,,351,21.7,,5.8,9.9,1.7,,
CA001018598,"VICTORIA UNIVERSITY CS, BC CA",2020-04,,0,9,3,,,0,0,0,0,0,0.2,,,15.8,18.4,,265.3,27.9,,9.5,13.9,5.1,,
CA001018598,"VICTORIA UNIVERSITY CS, BC CA",2020-05,,2.1,8,6,,,0,0,0,5,0,3.1,,,11.6,25.9,,157,38.6,,13.3,18,8.7,,
CA001018598,"VICTORIA UNIVERSITY CS, BC CA",2020-06,,0.3,8,2,,,0,0,0,9,0,5.6,,,9.1,24.4,,103,23.5,,14.9,19.7,10.1,,
CA001018598,"VICTORIA UNIVERSITY CS, BC CA",2020-07,,14.9,4,2,,,0,0,0,24,0,8.2,,,3.6,29.7,48.6,48.6,7.8,,17.3,23.1,11.4,,
CA001018598,"VICTORIA UNIVERSITY CS, BC CA",2020-08,,11.8,6,3,,,0,0,0,23,0,7.5,,,4.7,29.2,101.9,53.3,15.9,,17,22.7,11.3,,
CA001018598,"VICTORIA UNIVERSITY CS, BC CA",2020-09,,5.8,7,5,,,0,0,0,14,0,7.8,,,16.1,28.6,183.7,81.8,53.5,,15.8,20.5,11.1,,
CA001018598,"VICTORIA UNIVERSITY CS, BC CA",2020-10,,0,9,8,,,0,2,0,0,0,-0.8,,,23.8,20.9,425.1,241.4,96.1,,10.6,14,7.1,,
CA001018598,"VICTORIA UNIVERSITY CS, BC CA",2020-11,,0,20,13,,,0,2,0,0,0,-0.6,,,22.2,15.2,771.7,346.6,127.5,,6.8,9.6,4,,
CA001018598,"VICTORIA UNIVERSITY CS, BC CA",2020-12,,0,17,14,,,0,1,0,0,0,-0.8,,,70,11.9,1136.7,365,172.7,,6.2,8.2,4.1,,
CA001018598,"VICTORIA UNIVERSITY CS, BC CA",2021-01,0,0,15,11,,,0,2,0,0,0,-1.3,,,32.6,14.2,1522,385.3,115.4,,5.9,8.4,3.4,,
CA001018598,"VICTORIA UNIVERSITY CS, BC CA",2021-02,0,0,18,11,,,0,10,2,0,0,-4.1,,,26.3,12.6,1916.2,394.2,120.5,,4.3,7,1.5,,